{
  "id": "wgmm",
  "name": "wgmm",
  "title": "WGMM",
  "description": "WGMM",
  "version": "1.0.0",
  "minimumCoreVersion": "0.8.6",
  "compatibleCoreVersion": "10",
  "compatibility": {
    "minimum": "0.8.6",
    "verified": "10",
    "maximum": "10"
  },
  "author": "MWK",
  "authors": [
    {
      "name": "MWK"
    }
  ],
  "packs": [
    {
      "name": "actors",
      "label": "WGMM",
      "path": "/packs/actors.db",
      "entity": "Actor",
      "type": "Actor",
      "system": "dnd5e"
    },
    {
      "name": "items",
      "label": "WGMM",
      "path": "/packs/items.db",
      "entity": "Item",
      "type": "Item",
      "system": "dnd5e"
    },
    {
      "name": "journals",
      "label": "WGMM",
      "path": "/packs/journals.db",
      "entity": "JournalEntry",
      "type": "JournalEntry"
    },
    {
      "name": "macros",
      "label": "WGMM",
      "path": "/packs/macros.db",
      "entity": "Macro",
      "type": "Macro"
    },
    {
      "name": "playlists",
      "label": "WGMM",
      "path": "/packs/playlists.db",
      "entity": "Playlist",
      "type": "Playlist"
    },
    {
      "name": "rolltables",
      "label": "WGMM",
      "path": "/packs/rolltables.db",
      "entity": "RollTable",
      "type": "RollTable"
    }
  ],
  "esmodules": [
    "./scripts/init.js"
  ],
  "dependencies": [
    {
      "name": "scene-packer",
      "manifest": "https://github.com/League-of-Foundry-Developers/scene-packer/releases/latest/download/module.json",
      "type": "module"
    }
  ],
  "relationships": {
    "requires": [
      {
        "id": "scene-packer",
        "type": "module",
        "manifest": "https://github.com/League-of-Foundry-Developers/scene-packer/releases/latest/download/module.json"
      }
    ]
  },
  "url": "",
  "manifest": "",
  "download": "",
  "manifestPlusVersion": "1.2.0"
}